Image;Product;Price;Category;;
https://thumb.pccomponentes.com/w-150-150/articles/1063/10631547/1838-msi-mag-b650-tomahawk-wifi.jpg;MSI MAG B650 TOMAHAWK WIFI;222,45;Motherboard;;
https://thumb.pccomponentes.com/w-150-150/articles/30/302203/1879-msi-mpg-b550-gaming-plus.jpg;MSI MPG B550 GAMING PLUS;169,9;Motherboard;;
https://thumb.pccomponentes.com/w-150-150/articles/1080/10803246/1684-msi-pro-b650-s-wifi.jpg;MSI PRO B650-S WIFI;164,95;Motherboard;;
https://thumb.pccomponentes.com/w-150-150/articles/1073/10733724/1502-msi-b760-gaming-plus-wifi.jpg;MSI B760 GAMING PLUS WIFI;159,99;Motherboard;;
https://thumb.pccomponentes.com/w-150-150/articles/82/825627/1274-asus-tuf-gaming-b550m-plus-wifi-ii.jpg;Asus TUF GAMING B550M-PLUS WIFI II;157,9;Motherboard;;
https://thumb.pccomponentes.com/w-150-150/articles/30/300752/1829-gigabyte-b550m-ds3h.jpg;Gigabyte B550M DS3H;105;Motherboard;;
https://thumb.pccomponentes.com/w-150-150/articles/1058/10586052/1507-asus-tuf-gaming-x670e-plus.jpg;ASUS TUF GAMING X670E-PLUS;381,96;Motherboard;;
https://thumb.pccomponentes.com/w-150-150/articles/1059/10594885/1890-asus-tuf-gaming-b650-plus.jpg;ASUS TUF GAMING B650-PLUS;267,51;Motherboard;;
https://thumb.pccomponentes.com/w-150-150/articles/1079/10791491/1384-msi-z790-gaming-plus-wifi.jpg;MSI Z790 GAMING PLUS WIFI;240,02;Motherboard;;
https://thumb.pccomponentes.com/w-150-150/articles/1067/10676520/1216-asus-prime-b760m-a-wifi.jpg;ASUS PRIME B760M-A WIFI;179,99;Motherboard;;
https://thumb.pccomponentes.com/w-150-150/articles/30/302202/1130-msi-mag-b550-tomahawk.jpg;MSI MAG B550 TOMAHAWK;199,9;Motherboard;;
https://thumb.pccomponentes.com/w-150-150/articles/1076/10764624/1788-msi-pro-b650m-p.jpg;MSI PRO B650M-P;130,5;Motherboard;;
https://thumb.pccomponentes.com/w-150-150/articles/29/299960/155-asus-tuf-gaming-b550-plus.jpg;Asus TUF GAMING B550-PLUS;157,9;Motherboard;;
https://thumb.pccomponentes.com/w-150-150/articles/1067/10676515/1484-asus-tuf-gaming-b760-plus-wifi.jpg;ASUS TUF GAMING B760 PLUS WIFI;176,99;Motherboard;;
https://thumb.pccomponentes.com/w-150-150/articles/1063/10632860/1549-asus-prime-z790-p-wifi.jpg;ASUS PRIME Z790-P WIFI;316,45;Motherboard;;
https://thumb.pccomponentes.com/w-150-150/articles/1059/10594882/1665-asus-tuf-gaming-b650-plus-wifi.jpg;ASUS TUF GAMING B650-PLUS WIFI;282,68;Motherboard;;
https://thumb.pccomponentes.com/w-150-150/articles/1072/10722718/1529-asus-prime-b550m-a-csm.jpg;ASUS PRIME B550M-A/CSM;96,72;Motherboard;;
https://thumb.pccomponentes.com/w-150-150/articles/75/750647/137-asus-rog-strix-b550-f-gaming-wifi-ii.jpg;Asus ROG STRIX B550-F GAMING WIFI II;228,9;Motherboard;;
https://thumb.pccomponentes.com/w-150-150/articles/1073/10732713/188-msi-mag-x670e-tomahawk-wifi.jpg;MSI MAG X670E TOMAHAWK WIFI;349,9;Motherboard;;
https://thumb.pccomponentes.com/w-150-150/articles/1083/10834725/1625-asus-prime-b650m-a-ii-csm.jpg;ASUS PRIME B650M-A II-CSM;139,06;Motherboard;;
https://thumb.pccomponentes.com/w-150-150/articles/31/319059/1901-msi-a520m-a-pro.jpg;MSI A520M-A PRO;60,21;Motherboard;;
https://thumb.pccomponentes.com/w-150-150/articles/1080/10803026/113-msi-x670e-gaming-plus-wifi.jpg;MSI X670E GAMING PLUS WIFI;273,81;Motherboard;;
https://thumb.pccomponentes.com/w-150-150/articles/1086/10863537/1881-gigabyte-b760m-d3hp-ddr4.jpg;Gigabyte B760M D3HP DDR4;100,94;Motherboard;;
https://thumb.pccomponentes.com/w-150-150/articles/1073/10733728/149-msi-b650-gaming-plus-wifi.jpg;MSI B650 GAMING PLUS WIFI;187,99;Motherboard;;
https://thumb.pccomponentes.com/w-150-150/articles/1073/10730222/1553-asus-prime-b760m-k.jpg;ASUS PRIME B760M-K;106,82;Motherboard;;
https://thumb.pccomponentes.com/w-150-150/articles/82/825628/1644-asus-prime-b550m-a-wifi-ii.jpg;ASUS PRIME B550M-A WIFI II;151,68;Motherboard;;
https://thumb.pccomponentes.com/w-150-150/articles/1064/10647743/1188-asus-tuf-gaming-b760m-plus-wifi-d4.jpg;ASUS TUF GAMING B760M PLUS WIFI D4;199,99;Motherboard;;
https://thumb.pccomponentes.com/w-150-150/articles/1058/10586058/1251-asus-prime-x670-p-wifi.jpg;ASUS PRIME X670-P WIFI;344,73;Motherboard;;
https://thumb.pccomponentes.com/w-150-150/articles/1059/10594892/118-asus-prime-b650-plus.jpg;ASUS PRIME B650-PLUS;151,68;Motherboard;;
https://thumb.pccomponentes.com/w-150-150/articles/1042/10422229/1178-msi-pro-h610m-g-ddr4.jpg;MSI PRO H610M-G DDR4;81,99;Motherboard;;
https://thumb.pccomponentes.com/w-150-150/articles/1065/10653658/1534-msi-pro-b760m-p-ddr4.jpg;MSI PRO B760M-P DDR4;103,99;Motherboard;;
https://thumb.pccomponentes.com/w-150-150/articles/1074/10743226/1243-asus-prime-b760m-a-d4-csm.jpg;ASUS Prime B760M-A D4-CSM;108,98;Motherboard;;
https://thumb.pccomponentes.com/w-150-150/articles/1058/10586061/1771-asus-prime-x670-p.jpg;ASUS PRIME X670-P;321,29;Motherboard;;
https://thumb.pccomponentes.com/w-150-150/articles/1079/10791372/1768-asus-tuf-gaming-z790-pro-wifi.jpg;ASUS TUF GAMING Z790-PRO WIFI;257,27;Motherboard;;
https://thumb.pccomponentes.com/w-150-150/articles/1078/10788159/186-asus-prime-b550m-k-argb.jpg;ASUS PRIME B550M-K ARGB;97,99;Motherboard;;
https://thumb.pccomponentes.com/w-150-150/articles/1067/10676519/1982-asus-prime-b760-plus.jpg;ASUS PRIME B760-PLUS;164,9;Motherboard;;
https://thumb.pccomponentes.com/w-150-150/articles/1059/10594888/1715-asus-tuf-gaming-b650m-plus-wifi.jpg;ASUS TUF GAMING B650M-PLUS WIFI;275,77;Motherboard;;
https://thumb.pccomponentes.com/w-150-150/articles/1064/10641893/1264-msi-mpg-z790-carbon-wifi.jpg;MSI MPG Z790 CARBON WIFI;309,99;Motherboard;;
https://thumb.pccomponentes.com/w-150-150/articles/1059/10594876/1607-asus-rog-strix-b650e-f-gaming-wifi.jpg;ASUS ROG STRIX B650E-F GAMING WIFI;357,14;Motherboard;;
https://thumb.pccomponentes.com/w-150-150/articles/1085/10855613/1262-asus-rog-crosshair-x870e-hero.jpg;ASUS ROG CROSSHAIR X870E HERO;750,26;Motherboard;;
